球隊,日期,主題日,連結
中信兄弟,2026/3/29,奪還 STRIKE BACK 主場開幕戰,
中信兄弟,2026/4/3,巧虎聯名主題日,
中信兄弟,2026/4/25,Peanuts（史努比）聯名主題日,
中信兄弟,2026/5/8,第13屆我不是歌手,
中信兄弟,2026/5/22,龍角散「Channel B」棒球音樂祭,
中信兄弟,2026/6/6,全效出擊，主宰全場,
中信兄弟,2026/6/13,前進洲際挑戰賽,
中信兄弟,2026/7/4,涼水祭 Bro's Water Park,
中信兄弟,2026/7/25,AAPE X BROTHERS,
中信兄弟,2026/8/15,飛天小女警 X Brothers 女孩日,
中信兄弟,2026/8/29,賽車主題日 洲際大獎賽,
中信兄弟,2026/9/5,好侍食品 Eddy 牛仔歷險記,
中信兄弟,2026/9/18,鬼滅之刃 決戰無限城,
樂天桃猿,2026/3/28,開幕系列戰,
樂天桃猿,2026/3/31,做伙炭開工日,
樂天桃猿,2026/4/10,10號隊寵春訓日,
樂天桃猿,2026/4/11,萌え萌え猿夢女僕,
樂天桃猿,2026/4/24,YOKOSO 屋台花火祭,
樂天桃猿,2026/5/8,小魔女 DoReMi,
樂天桃猿,2026/5/23,永續趴,
樂天桃猿,2026/5/29,轟轟轟！HOME RUN DINOTAENG,
樂天桃猿,2026/6/19,動紫趴,
樂天桃猿,2026/7/10,靈魂繪師全猿參展,
樂天桃猿,2026/7/11,水蜜桃趴,
樂天桃猿,2026/7/24,辣年糕趴,
樂天桃猿,2026/8/7,10號隊友玩水祭,
樂天桃猿,2026/8/28,SINGDOME 音樂電台,
樂天桃猿,2026/9/2,阿迷趴,
樂天桃猿,2026/9/11,NIJISANJI 野球日,
樂天桃猿,2026/9/19,辣酷甜,
統一7-ELEVEn獅,2026/3/29,鬥陣起行 亞太首戰,
統一7-ELEVEn獅,2026/4/11,榮耀時刻 背號引退,
統一7-ELEVEn獅,2026/4/24,熱鬧雙城 南人對決,
統一7-ELEVEn獅,2026/5/1,TONY STAN 汪汪萊,
統一7-ELEVEn獅,2026/5/16,府城獅吼宮,
統一7-ELEVEn獅,2026/6/5,SANRIO CHARACTERS 尋寶活動,
統一7-ELEVEn獅,2026/6/19,台日雙獅好友日,
統一7-ELEVEn獅,2026/7/11,超人力霸王聯名主題日,
統一7-ELEVEn獅,2026/8/1,萊恩盈盈夏日午茶派對,
統一7-ELEVEn獅,2026/8/11,榮耀時刻 陳鏞基引退系列,
統一7-ELEVEn獅,2026/8/15,第一次心動 First Crush,
統一7-ELEVEn獅,2026/8/21,J-LIONS 主題日 非・日常,
統一7-ELEVEn獅,2026/9/5,台南城市 巷仔內的西拉雅,
統一7-ELEVEn獅,2026/9/19,榮耀時刻 陳鏞基引退系列,
富邦悍將,2026/4/3,BLUE POWER,
富邦悍將,2026/4/5,ONE FOR ALL 林哲瑄引退主題日,
富邦悍將,2026/4/18,Lu 來 Lu 快樂,
富邦悍將,2026/5/9,LOVING CUPID 愛戀邱比特,
富邦悍將,2026/5/16,迺夜市 呷好味,
富邦悍將,2026/5/30,G!POP 流行音樂節,
富邦悍將,2026/6/13,Skater JOHN,
富邦悍將,2026/7/11,城堡密語,
富邦悍將,2026/7/28,Power Night,
富邦悍將,2026/8/1,虎道同盟,
富邦悍將,2026/8/8,旅行趣,
富邦悍將,2026/8/22,進擊的巨人聯名主題日,
富邦悍將,2026/9/5,XVIII 悍將中學,
富邦悍將,2026/9/26,寵愛天使,
味全龍,2026/4/3,Run & Roar 奔龍而上 開幕系列戰,
味全龍,2026/4/6,龍學院迎新日,
味全龍,2026/4/17,"Batter Up, Buckle Up",
味全龍,2026/5/2,龍之萌友的應援時光,
味全龍,2026/5/5,龍總為了生活,
味全龍,2026/5/15,Tasting the World 達美樂世界風味季,
味全龍,2026/5/26,Red！가자！Dragons × LG TWINS,
味全龍,2026/5/29,魔女的盛宴 DB SHOW,
味全龍,2026/6/12,守護妳的 EYE 女孩日,
味全龍,2026/7/4,hololive night,
味全龍,2026/7/21,hololive night,
味全龍,2026/7/31,新光亞洲音樂祭,
味全龍,2026/8/5,85forever,
味全龍,2026/8/14,Beyond the Dragons Roar 龍星大樂,
味全龍,2026/8/28,HUNTER×HUNTER 獵人聯名主題日,
味全龍,2026/9/8,Tasting the World 達美樂世界風味季,
味全龍,2026/9/26,搖滾撞野球復古日,
台鋼雄鷹,2026/4/6,做伙拚 主場開幕戰,
台鋼雄鷹,2026/4/11,動物群鷹會,
台鋼雄鷹,2026/4/18,高雄製造,
台鋼雄鷹,2026/4/22,正港鷹雄,
台鋼雄鷹,2026/5/1,心動時刻,
台鋼雄鷹,2026/5/13,正港鷹雄,
台鋼雄鷹,2026/5/22,南人祭 熱鬪雙城,
台鋼雄鷹,2026/6/6,鷹浪 做伙使勁搖,
台鋼雄鷹,2026/6/20,TAKAO 與他的好友出遊趣,
台鋼雄鷹,2026/7/4,Party 鷹 the USA,
台鋼雄鷹,2026/7/25,Game Star 夏日女孩運動會,
台鋼雄鷹,2026/8/8,鷹樂祭 做伙來高雄,
台鋼雄鷹,2026/8/22,鷹勇戰士,
台鋼雄鷹,2026/9/12,皇鷹學院,
台鋼雄鷹,2026/9/25,鷹 JOY～,
